Order_ID,Order_Date,Category,Product,Region,Units,Unit_Price,Discount_Pct,Revenue,Cost,Payment_Method,Profit,Profit_Margin_Pct
ORD1001,2026-01-01 00:00:00.000000000,Home & Kitchen,Mixer Grinder,North,3,4292,0,12876.0,8441.86,Cash on Delivery,4434.14,34.44
ORD1002,2026-01-02 00:08:02.681564245,Electronics,Bluetooth Speaker,West,5,2569,5,12202.75,7226.26,Credit Card,4976.49,40.78
ORD1003,2026-01-03 00:16:05.363128491,Fashion,Denim Jeans,South,1,2747,5,2609.65,1489.69,Debit Card,1119.96,42.92
ORD1004,2026-01-04 00:24:08.044692737,Home & Kitchen,Cookware Set,West,1,4756,0,4756.0,3653.77,Credit Card,1102.23,23.18
ORD1005,2026-01-05 00:32:10.726256983,Books,Python Programming,West,2,441,10,793.8,547.96,Debit Card,245.84,30.97
ORD1006,2026-01-06 00:40:13.407821229,Electronics,Wireless Headphones,South,4,3385,10,12186.0,6790.06,Credit Card,5395.94,44.28
ORD1007,2026-01-07 00:48:16.089385474,Home & Kitchen,Coffee Maker,East,4,1655,15,5627.0,4062.04,UPI,1564.96,27.81
ORD1008,2026-01-08 00:56:18.770949720,Fashion,Running Shoes,North,4,1880,0,7520.0,4868.32,Cash on Delivery,2651.68,35.26
ORD1009,2026-01-09 01:04:21.452513966,Home & Kitchen,Air Fryer,North,3,2898,0,8694.0,5498.5,Cash on Delivery,3195.5,36.76
ORD1010,2026-01-10 01:12:24.134078212,Sports,Dumbbells,South,4,2351,10,8463.6,5806.02,Debit Card,2657.58,31.4
ORD1011,2026-01-11 01:20:26.815642458,Fashion,T-Shirt,East,5,1202,10,5409.0,3625.27,Credit Card,1783.73,32.98
ORD1012,2026-01-12 01:28:29.497206704,Electronics,Wireless Headphones,East,3,2663,10,7190.1,4184.97,UPI,3005.13,41.8
ORD1013,2026-01-13 01:36:32.178770949,Fashion,Running Shoes,South,4,2519,15,8564.6,5958.25,Cash on Delivery,2606.35,30.43
ORD1014,2026-01-14 01:44:34.860335195,Books,DSA Interview Guide,West,4,539,5,2048.2,1327.71,UPI,720.49,35.18
ORD1015,2026-01-15 01:52:37.541899441,Sports,Cricket Bat,West,3,1263,20,3031.2,1892.49,Cash on Delivery,1138.71,37.57
ORD1016,2026-01-16 02:00:40.223463687,Books,Python Programming,South,1,1301,10,1170.9,779.37,Debit Card,391.53,33.44
ORD1017,2026-01-17 02:08:42.905027933,Home & Kitchen,Mixer Grinder,East,1,2861,10,2574.9,1767.21,Debit Card,807.69,31.37
ORD1018,2026-01-18 02:16:45.586592178,Home & Kitchen,Mixer Grinder,North,5,4881,15,20744.25,15218.38,Cash on Delivery,5525.87,26.64
ORD1019,2026-01-19 02:24:48.268156424,Fashion,Denim Jeans,West,5,2655,10,11947.5,7193.52,Debit Card,4753.98,39.79
ORD1020,2026-01-20 02:32:50.949720670,Electronics,Wireless Headphones,East,2,4719,20,7550.4,5676.3,Debit Card,1874.1,24.82
ORD1021,2026-01-21 02:40:53.631284916,Fashion,Backpack,West,1,2749,20,2199.2,1491.95,Debit Card,707.25,32.16
ORD1022,2026-01-22 02:48:56.312849162,Electronics,Wireless Headphones,West,3,3482,10,9401.4,7090.41,Debit Card,2310.99,24.58
ORD1023,2026-01-23 02:56:58.994413408,Sports,Dumbbells,South,4,2800,0,11200.0,6574.24,Credit Card,4625.76,41.3
ORD1024,2026-01-24 03:05:01.675977653,Fashion,Denim Jeans,West,5,2303,5,10939.25,7894.78,Cash on Delivery,3044.47,27.83
ORD1025,2026-01-25 03:13:04.357541899,Sports,Yoga Mat,North,1,1645,5,1562.75,1209.24,Debit Card,353.51,22.62
ORD1026,2026-01-26 03:21:07.039106145,Sports,Cricket Bat,West,3,1559,15,3975.45,2396.97,Debit Card,1578.48,39.71
ORD1027,2026-01-27 03:29:09.720670391,Fashion,Denim Jeans,West,1,1943,5,1845.85,1390.3,UPI,455.55,24.68
ORD1028,2026-01-28 03:37:12.402234637,Sports,Yoga Mat,West,1,1592,0,1592.0,987.53,Debit Card,604.47,37.97
ORD1029,2026-01-29 03:45:15.083798883,Electronics,Bluetooth Speaker,South,2,3616,10,6508.8,5061.97,Debit Card,1446.83,22.23
ORD1030,2026-01-30 03:53:17.765363128,Fashion,Backpack,North,2,945,15,1606.5,1203.95,Cash on Delivery,402.55,25.06
ORD1031,2026-01-31 04:01:20.446927374,Fashion,Running Shoes,South,4,1099,15,3736.6,2078.86,Credit Card,1657.74,44.36
ORD1032,2026-02-01 04:09:23.128491620,Home & Kitchen,Air Fryer,South,3,4969,15,12670.95,7698.33,Credit Card,4972.62,39.24
ORD1033,2026-02-02 04:17:25.810055866,Home & Kitchen,Air Fryer,West,4,4240,10,15264.0,11351.31,Cash on Delivery,3912.69,25.63
ORD1034,2026-02-03 04:25:28.491620112,Home & Kitchen,Air Fryer,East,4,1569,5,5962.2,3881.17,Credit Card,2081.03,34.9
ORD1035,2026-02-04 04:33:31.173184357,Electronics,Wireless Headphones,South,1,3731,10,3357.9,2032.04,Cash on Delivery,1325.86,39.48
ORD1036,2026-02-05 04:41:33.854748603,Electronics,Wireless Headphones,South,5,5143,15,21857.75,12261.64,Cash on Delivery,9596.11,43.9
ORD1037,2026-02-06 04:49:36.536312849,Electronics,Smart Watch,West,1,5156,15,4382.6,3119.72,Cash on Delivery,1262.88,28.82
ORD1038,2026-02-07 04:57:39.217877095,Electronics,Power Bank,West,5,6446,0,32230.0,24762.42,Credit Card,7467.58,23.17
ORD1039,2026-02-08 05:05:41.899441341,Electronics,Smart Watch,West,2,5530,10,9954.0,5847.73,Cash on Delivery,4106.27,41.25
ORD1040,2026-02-09 05:13:44.581005586,Fashion,Running Shoes,East,4,1551,0,6204.0,4569.72,UPI,1634.28,26.34
ORD1041,2026-02-10 05:21:47.262569832,Fashion,Running Shoes,East,1,984,0,984.0,545.32,Credit Card,438.68,44.58
ORD1042,2026-02-11 05:29:49.944134078,Fashion,Running Shoes,South,2,2325,5,4417.5,2933.61,UPI,1483.89,33.59
ORD1043,2026-02-12 05:37:52.625698324,Home & Kitchen,Air Fryer,West,5,4548,10,20466.0,14700.3,Credit Card,5765.7,28.17
ORD1044,2026-02-13 05:45:55.307262570,Electronics,Power Bank,North,5,5651,5,26842.25,17095.23,Credit Card,9747.02,36.31
ORD1045,2026-02-14 05:53:57.988826816,Fashion,Running Shoes,East,5,2924,20,11696.0,6678.37,Cash on Delivery,5017.63,42.9
ORD1046,2026-02-15 06:02:00.670391061,Sports,Dumbbells,West,4,995,5,3781.0,2664.39,UPI,1116.61,29.53
ORD1047,2026-02-16 06:10:03.351955307,Books,Python Programming,North,5,1082,15,4598.5,3553.67,Credit Card,1044.83,22.72
ORD1048,2026-02-17 06:18:06.033519553,Books,Python Programming,North,5,519,15,2205.75,1571.46,UPI,634.29,28.76
ORD1049,2026-02-18 06:26:08.715083799,Electronics,Bluetooth Speaker,West,5,3656,10,16452.0,10373.81,Debit Card,6078.19,36.94
ORD1050,2026-02-19 06:34:11.396648045,Fashion,Denim Jeans,West,3,738,10,1992.6,1357.83,Cash on Delivery,634.77,31.86
ORD1051,2026-02-20 06:42:14.078212290,Books,AI Fundamentals,North,1,697,10,627.3,413.94,Cash on Delivery,213.36,34.01
ORD1052,2026-02-21 06:50:16.759776536,Fashion,Running Shoes,West,2,2920,0,5840.0,4453.98,UPI,1386.02,23.73
ORD1053,2026-02-22 06:58:19.441340782,Electronics,Bluetooth Speaker,West,4,5312,0,21248.0,13059.48,Cash on Delivery,8188.52,38.54
ORD1054,2026-02-23 07:06:22.122905028,Sports,Dumbbells,West,4,689,5,2618.2,1578.15,Cash on Delivery,1040.05,39.72
ORD1055,2026-02-24 07:14:24.804469274,Home & Kitchen,Cookware Set,East,3,3979,0,11937.0,9147.59,Cash on Delivery,2789.41,23.37
ORD1056,2026-02-25 07:22:27.486033520,Fashion,Running Shoes,North,2,1497,0,2994.0,1905.94,Credit Card,1088.06,36.34
ORD1057,2026-02-26 07:30:30.167597766,Sports,Yoga Mat,South,3,1110,5,3163.5,1780.94,Cash on Delivery,1382.56,43.7
ORD1058,2026-02-27 07:38:32.849162011,Books,AI Fundamentals,North,5,432,5,2052.0,1225.37,Debit Card,826.63,40.28
ORD1059,2026-02-28 07:46:35.530726257,Home & Kitchen,Cookware Set,South,1,3023,10,2720.7,1821.97,Debit Card,898.73,33.03
ORD1060,2026-03-01 07:54:38.212290503,Fashion,Denim Jeans,East,1,1088,10,979.2,568.74,Debit Card,410.46,41.92
ORD1061,2026-03-02 08:02:40.893854749,Books,Python Programming,South,2,1113,5,2114.7,1450.01,Debit Card,664.69,31.43
ORD1062,2026-03-03 08:10:43.575418995,Home & Kitchen,Air Fryer,East,2,1448,5,2751.2,1906.8,UPI,844.4,30.69
ORD1063,2026-03-04 08:18:46.256983240,Sports,Dumbbells,North,2,668,20,1068.8,708.94,Credit Card,359.86,33.67
ORD1064,2026-03-05 08:26:48.938547486,Fashion,Denim Jeans,West,3,1460,10,3942.0,2800.65,Cash on Delivery,1141.35,28.95
ORD1065,2026-03-06 08:34:51.620111732,Fashion,Running Shoes,East,3,1366,5,3893.1,2313.38,UPI,1579.72,40.58
ORD1066,2026-03-07 08:42:54.301675978,Electronics,Power Bank,South,2,5700,10,10260.0,6129.91,UPI,4130.09,40.25
ORD1067,2026-03-08 08:50:56.983240224,Fashion,Running Shoes,West,3,1844,10,4978.8,2918.1,UPI,2060.7,41.39
ORD1068,2026-03-09 08:58:59.664804469,Electronics,Power Bank,South,1,3855,5,3662.25,2422.36,Cash on Delivery,1239.89,33.86
ORD1069,2026-03-10 09:07:02.346368715,Home & Kitchen,Cookware Set,East,2,3913,0,7826.0,5541.18,Credit Card,2284.82,29.2
ORD1070,2026-03-11 09:15:05.027932961,Books,DSA Interview Guide,South,5,1388,5,6593.0,4198.26,Debit Card,2394.74,36.32
ORD1071,2026-03-12 09:23:07.709497207,Home & Kitchen,Air Fryer,North,2,4059,10,7306.2,5344.55,Credit Card,1961.65,26.85
ORD1072,2026-03-13 09:31:10.391061453,Electronics,Bluetooth Speaker,East,2,5807,10,10452.6,6336.38,UPI,4116.22,39.38
ORD1073,2026-03-14 09:39:13.072625698,Home & Kitchen,Mixer Grinder,South,1,3909,15,3322.65,1894.62,Debit Card,1428.03,42.98
ORD1074,2026-03-15 09:47:15.754189944,Electronics,Wireless Headphones,West,3,2042,20,4900.8,3706.08,Cash on Delivery,1194.72,24.38
ORD1075,2026-03-16 09:55:18.435754190,Sports,Cricket Bat,South,1,2064,15,1754.4,1180.81,Debit Card,573.59,32.69
ORD1076,2026-03-17 10:03:21.117318436,Books,Python Programming,North,2,1073,15,1824.1,1225.55,Credit Card,598.55,32.81
ORD1077,2026-03-18 10:11:23.798882682,Books,Data Science Handbook,East,5,608,5,2888.0,1677.68,Credit Card,1210.32,41.91
ORD1078,2026-03-19 10:19:26.480446928,Sports,Yoga Mat,South,2,3432,0,6864.0,4522.2,Debit Card,2341.8,34.12
ORD1079,2026-03-20 10:27:29.162011173,Books,AI Fundamentals,West,1,683,15,580.55,444.6,Debit Card,135.95,23.42
ORD1080,2026-03-21 10:35:31.843575419,Electronics,Power Bank,North,4,5650,5,21470.0,12619.66,Debit Card,8850.34,41.22
ORD1081,2026-03-22 10:43:34.525139665,Fashion,Backpack,South,4,1765,15,6001.0,3906.66,Cash on Delivery,2094.34,34.9
ORD1082,2026-03-23 10:51:37.206703911,Home & Kitchen,Coffee Maker,South,1,3390,15,2881.5,1839.25,UPI,1042.25,36.17
ORD1083,2026-03-24 10:59:39.888268157,Sports,Cricket Bat,North,3,2071,5,5902.35,4439.07,Cash on Delivery,1463.28,24.79
ORD1084,2026-03-25 11:07:42.569832402,Books,AI Fundamentals,South,4,1370,0,5480.0,3271.81,Credit Card,2208.19,40.3
ORD1085,2026-03-26 11:15:45.251396648,Fashion,Backpack,North,1,1514,0,1514.0,971.04,Cash on Delivery,542.96,35.86
ORD1086,2026-03-27 11:23:47.932960894,Electronics,Bluetooth Speaker,East,4,4691,10,16887.6,11396.2,Debit Card,5491.4,32.52
ORD1087,2026-03-28 11:31:50.614525140,Home & Kitchen,Air Fryer,South,2,3797,5,7214.3,4988.25,UPI,2226.05,30.86
ORD1088,2026-03-29 11:39:53.296089386,Electronics,Smart Watch,East,1,3439,15,2923.15,1623.21,Credit Card,1299.94,44.47
ORD1089,2026-03-30 11:47:55.977653632,Books,AI Fundamentals,South,2,1163,20,1860.8,1382.47,Debit Card,478.33,25.71
ORD1090,2026-03-31 11:55:58.659217877,Sports,Cricket Bat,East,3,2960,0,8880.0,5565.14,Cash on Delivery,3314.86,37.33
ORD1091,2026-04-01 12:04:01.340782123,Fashion,T-Shirt,East,2,1117,5,2122.3,1388.11,Credit Card,734.19,34.59
ORD1092,2026-04-02 12:12:04.022346369,Electronics,Bluetooth Speaker,West,4,5372,10,19339.2,13448.88,Credit Card,5890.32,30.46
ORD1093,2026-04-03 12:20:06.703910615,Fashion,T-Shirt,East,1,847,10,762.3,451.61,UPI,310.69,40.76
ORD1094,2026-04-04 12:28:09.385474861,Home & Kitchen,Coffee Maker,West,3,1922,10,5189.4,3305.01,Cash on Delivery,1884.39,36.31
ORD1095,2026-04-05 12:36:12.067039106,Fashion,Running Shoes,West,3,1687,15,4301.85,2467.91,UPI,1833.94,42.63
ORD1096,2026-04-06 12:44:14.748603352,Electronics,Bluetooth Speaker,North,2,3281,5,6233.9,4455.2,Cash on Delivery,1778.7,28.53
ORD1097,2026-04-07 12:52:17.430167598,Electronics,Bluetooth Speaker,West,3,4290,15,10939.5,7417.48,Credit Card,3522.02,32.2
ORD1098,2026-04-08 13:00:20.111731844,Books,DSA Interview Guide,West,3,514,5,1464.9,904.46,Credit Card,560.44,38.26
ORD1099,2026-04-09 13:08:22.793296090,Electronics,Bluetooth Speaker,North,1,3998,10,3598.2,2561.59,Debit Card,1036.61,28.81
ORD1100,2026-04-10 13:16:25.474860335,Fashion,T-Shirt,South,2,1170,10,2106.0,1356.61,UPI,749.39,35.58
ORD1101,2026-04-11 13:24:28.156424581,Home & Kitchen,Cookware Set,East,3,4101,10,11072.7,8599.44,Cash on Delivery,2473.26,22.34
ORD1102,2026-04-12 13:32:30.837988827,Electronics,Smart Watch,South,3,5080,10,13716.0,8231.59,Debit Card,5484.41,39.99
ORD1103,2026-04-13 13:40:33.519553073,Home & Kitchen,Coffee Maker,West,2,4380,20,7008.0,4044.2,UPI,2963.8,42.29
ORD1104,2026-04-14 13:48:36.201117319,Home & Kitchen,Mixer Grinder,North,5,2822,15,11993.5,7288.07,UPI,4705.43,39.23
ORD1105,2026-04-15 13:56:38.882681564,Fashion,Backpack,North,5,1401,5,6654.75,5127.38,Debit Card,1527.37,22.95
ORD1106,2026-04-16 14:04:41.564245810,Electronics,Bluetooth Speaker,East,2,5924,15,10070.8,6227.16,Credit Card,3843.64,38.17
ORD1107,2026-04-17 14:12:44.245810056,Home & Kitchen,Air Fryer,South,5,4819,5,22890.25,15871.33,UPI,7018.92,30.66
ORD1108,2026-04-18 14:20:46.927374302,Home & Kitchen,Cookware Set,North,1,1260,5,1197.0,883.86,Cash on Delivery,313.14,26.16
ORD1109,2026-04-19 14:28:49.608938548,Fashion,Backpack,West,2,1740,5,3306.0,2230.35,Debit Card,1075.65,32.54
ORD1110,2026-04-20 14:36:52.290502794,Books,Python Programming,North,1,815,10,733.5,520.37,UPI,213.13,29.06
ORD1111,2026-04-21 14:44:54.972067040,Fashion,Denim Jeans,West,2,949,10,1708.2,1056.33,Cash on Delivery,651.87,38.16
ORD1112,2026-04-22 14:52:57.653631286,Sports,Cricket Bat,South,5,1001,10,4504.5,3145.25,Debit Card,1359.25,30.18
ORD1113,2026-04-23 15:01:00.335195532,Home & Kitchen,Cookware Set,West,4,4052,10,14587.2,9943.49,UPI,4643.71,31.83
ORD1114,2026-04-24 15:09:03.016759776,Fashion,Backpack,East,1,715,15,607.75,392.62,Credit Card,215.13,35.4
ORD1115,2026-04-25 15:17:05.698324022,Sports,Cricket Bat,North,5,628,15,2669.0,1714.68,Cash on Delivery,954.32,35.76
ORD1116,2026-04-26 15:25:08.379888268,Fashion,Denim Jeans,North,4,965,5,3667.0,2457.55,Credit Card,1209.45,32.98
ORD1117,2026-04-27 15:33:11.061452514,Electronics,Wireless Headphones,East,2,1945,20,3112.0,1743.88,UPI,1368.12,43.96
ORD1118,2026-04-28 15:41:13.743016760,Home & Kitchen,Cookware Set,East,4,3241,10,11667.6,9053.31,Credit Card,2614.29,22.41
ORD1119,2026-04-29 15:49:16.424581006,Fashion,Backpack,East,5,2089,5,9922.75,5883.01,Cash on Delivery,4039.74,40.71
ORD1120,2026-04-30 15:57:19.106145252,Home & Kitchen,Mixer Grinder,East,1,2243,10,2018.7,1572.88,Cash on Delivery,445.82,22.08
ORD1121,2026-05-01 16:05:21.787709498,Home & Kitchen,Mixer Grinder,North,5,4360,0,21800.0,16446.18,Credit Card,5353.82,24.56
ORD1122,2026-05-02 16:13:24.469273744,Sports,Yoga Mat,South,1,637,5,605.15,433.52,Credit Card,171.63,28.36
ORD1123,2026-05-03 16:21:27.150837990,Electronics,Power Bank,West,5,2595,10,11677.5,8637.57,Cash on Delivery,3039.93,26.03
ORD1124,2026-05-04 16:29:29.832402234,Fashion,T-Shirt,North,5,915,15,3888.75,2914.53,UPI,974.22,25.05
ORD1125,2026-05-05 16:37:32.513966480,Books,Python Programming,East,5,356,15,1513.0,1135.54,Debit Card,377.46,24.95
ORD1126,2026-05-06 16:45:35.195530726,Books,Data Science Handbook,West,3,431,10,1163.7,842.55,Debit Card,321.15,27.6
ORD1127,2026-05-07 16:53:37.877094972,Electronics,Wireless Headphones,West,3,2936,0,8808.0,6502.91,Credit Card,2305.09,26.17
ORD1128,2026-05-08 17:01:40.558659218,Home & Kitchen,Air Fryer,West,2,2193,20,3508.8,2012.57,Cash on Delivery,1496.23,42.64
ORD1129,2026-05-09 17:09:43.240223464,Fashion,Backpack,East,4,1617,5,6144.6,4257.04,Credit Card,1887.56,30.72
ORD1130,2026-05-10 17:17:45.921787710,Sports,Dumbbells,North,5,3028,5,14383.0,8127.75,Credit Card,6255.25,43.49
ORD1131,2026-05-11 17:25:48.603351956,Home & Kitchen,Cookware Set,East,3,1769,10,4776.3,3122.84,Debit Card,1653.46,34.62
ORD1132,2026-05-12 17:33:51.284916202,Books,Python Programming,West,3,1323,15,3373.65,2602.92,Cash on Delivery,770.73,22.85
ORD1133,2026-05-13 17:41:53.966480448,Books,AI Fundamentals,West,5,919,5,4365.25,2614.85,UPI,1750.4,40.1
ORD1134,2026-05-14 17:49:56.648044694,Fashion,Denim Jeans,East,2,2307,15,3921.9,2857.56,Debit Card,1064.34,27.14
ORD1135,2026-05-15 17:57:59.329608938,Sports,Dumbbells,South,3,2159,20,5181.6,3584.78,Debit Card,1596.82,30.82
ORD1136,2026-05-16 18:06:02.011173184,Fashion,Backpack,South,1,2575,5,2446.25,1435.92,Credit Card,1010.33,41.3
ORD1137,2026-05-17 18:14:04.692737430,Home & Kitchen,Coffee Maker,East,3,3968,5,11308.8,7468.17,Credit Card,3840.63,33.96
ORD1138,2026-05-18 18:22:07.374301676,Home & Kitchen,Mixer Grinder,West,1,1301,15,1105.85,645.33,UPI,460.52,41.64
ORD1139,2026-05-19 18:30:10.055865922,Fashion,T-Shirt,North,4,1635,0,6540.0,4400.61,UPI,2139.39,32.71
ORD1140,2026-05-20 18:38:12.737430168,Electronics,Wireless Headphones,South,4,2717,10,9781.2,7180.72,Credit Card,2600.48,26.59
ORD1141,2026-05-21 18:46:15.418994414,Electronics,Wireless Headphones,North,3,2116,10,5713.2,3947.69,Credit Card,1765.51,30.9
ORD1142,2026-05-22 18:54:18.100558660,Sports,Dumbbells,West,2,850,10,1530.0,1074.04,Cash on Delivery,455.96,29.8
ORD1143,2026-05-23 19:02:20.782122906,Fashion,Backpack,East,2,1508,0,3016.0,1700.67,Cash on Delivery,1315.33,43.61
ORD1144,2026-05-24 19:10:23.463687152,Electronics,Wireless Headphones,West,3,3969,15,10120.95,6575.99,Debit Card,3544.96,35.03
ORD1145,2026-05-25 19:18:26.145251396,Electronics,Smart Watch,East,2,2461,10,4429.8,2639.69,UPI,1790.11,40.41
ORD1146,2026-05-26 19:26:28.826815642,Electronics,Bluetooth Speaker,West,1,2702,15,2296.7,1487.95,Cash on Delivery,808.75,35.21
ORD1147,2026-05-27 19:34:31.508379888,Home & Kitchen,Cookware Set,South,4,4194,15,14259.6,9438.91,Debit Card,4820.69,33.81
ORD1148,2026-05-28 19:42:34.189944134,Sports,Football,North,2,1891,5,3592.9,2361.03,Debit Card,1231.87,34.29
ORD1149,2026-05-29 19:50:36.871508380,Electronics,Smart Watch,South,4,6373,10,22942.8,14798.04,UPI,8144.76,35.5
ORD1150,2026-05-30 19:58:39.553072626,Home & Kitchen,Coffee Maker,South,4,2846,5,10814.8,7423.05,UPI,3391.75,31.36
ORD1151,2026-05-31 20:06:42.234636872,Home & Kitchen,Mixer Grinder,West,4,4434,10,15962.4,10977.41,UPI,4984.99,31.23
ORD1152,2026-06-01 20:14:44.916201118,Electronics,Bluetooth Speaker,South,3,4881,10,13178.7,8269.78,UPI,4908.92,37.25
ORD1153,2026-06-02 20:22:47.597765364,Home & Kitchen,Cookware Set,West,3,1775,10,4792.5,3497.62,Cash on Delivery,1294.88,27.02
ORD1154,2026-06-03 20:30:50.279329610,Home & Kitchen,Air Fryer,North,4,2156,10,7761.6,5940.88,UPI,1820.72,23.46
ORD1155,2026-06-04 20:38:52.960893856,Electronics,Smart Watch,North,5,5628,0,28140.0,16437.11,Credit Card,11702.89,41.59
ORD1156,2026-06-05 20:46:55.642458100,Sports,Cricket Bat,West,2,3074,10,5533.2,3891.94,Debit Card,1641.26,29.66
ORD1157,2026-06-06 20:54:58.324022346,Electronics,Wireless Headphones,North,4,3769,5,14322.2,10284.64,Cash on Delivery,4037.56,28.19
ORD1158,2026-06-07 21:03:01.005586592,Electronics,Bluetooth Speaker,North,2,4274,15,7265.8,4185.21,Credit Card,3080.59,42.4
ORD1159,2026-06-08 21:11:03.687150838,Sports,Yoga Mat,North,3,1609,10,4344.3,2707.22,UPI,1637.08,37.68
ORD1160,2026-06-09 21:19:06.368715084,Sports,Yoga Mat,West,1,1947,10,1752.3,1272.16,Credit Card,480.14,27.4
ORD1161,2026-06-10 21:27:09.050279330,Home & Kitchen,Coffee Maker,West,2,4550,0,9100.0,5684.36,Credit Card,3415.64,37.53
ORD1162,2026-06-11 21:35:11.731843576,Home & Kitchen,Mixer Grinder,South,3,3852,5,10978.2,6611.86,Debit Card,4366.34,39.77
ORD1163,2026-06-12 21:43:14.413407822,Fashion,Backpack,North,2,1726,10,3106.8,2051.15,UPI,1055.65,33.98
ORD1164,2026-06-13 21:51:17.094972068,Home & Kitchen,Cookware Set,South,5,4564,15,19397.0,14295.33,Cash on Delivery,5101.67,26.3
ORD1165,2026-06-14 21:59:19.776536314,Sports,Yoga Mat,West,5,2438,0,12190.0,9381.08,Debit Card,2808.92,23.04
ORD1166,2026-06-15 22:07:22.458100560,Home & Kitchen,Cookware Set,East,5,1669,5,7927.75,4920.57,Cash on Delivery,3007.18,37.93
ORD1167,2026-06-16 22:15:25.139664804,Fashion,Denim Jeans,North,2,2837,10,5106.6,3021.73,Debit Card,2084.87,40.83
ORD1168,2026-06-17 22:23:27.821229050,Books,DSA Interview Guide,North,1,385,10,346.5,254.81,Cash on Delivery,91.69,26.46
ORD1169,2026-06-18 22:31:30.502793296,Electronics,Smart Watch,North,3,3100,10,8370.0,4939.96,UPI,3430.04,40.98
ORD1170,2026-06-19 22:39:33.184357542,Sports,Dumbbells,South,1,3311,15,2814.35,1822.18,UPI,992.17,35.25
ORD1171,2026-06-20 22:47:35.865921788,Electronics,Power Bank,North,2,4840,5,9196.0,6896.35,Debit Card,2299.65,25.01
ORD1172,2026-06-21 22:55:38.547486034,Fashion,Backpack,South,5,2246,5,10668.5,7326.37,UPI,3342.13,31.33
ORD1173,2026-06-22 23:03:41.229050280,Sports,Cricket Bat,South,5,2949,0,14745.0,10566.24,Cash on Delivery,4178.76,28.34
ORD1174,2026-06-23 23:11:43.910614526,Home & Kitchen,Coffee Maker,East,4,4947,5,18798.6,11824.67,Cash on Delivery,6973.93,37.1
ORD1175,2026-06-24 23:19:46.592178772,Home & Kitchen,Cookware Set,South,2,3675,15,6247.5,4371.39,Cash on Delivery,1876.11,30.03
ORD1176,2026-06-25 23:27:49.273743018,Home & Kitchen,Air Fryer,West,2,2395,10,4311.0,2430.68,Credit Card,1880.32,43.62
ORD1177,2026-06-26 23:35:51.955307264,Sports,Yoga Mat,East,5,807,10,3631.5,2350.37,Cash on Delivery,1281.13,35.28
ORD1178,2026-06-27 23:43:54.636871508,Electronics,Power Bank,West,4,5519,20,17660.8,9794.79,Cash on Delivery,7866.01,44.54
ORD1179,2026-06-28 23:51:57.318435754,Books,Python Programming,West,1,755,15,641.75,371.81,Cash on Delivery,269.94,42.06
ORD1180,2026-06-30 00:00:00.000000000,Books,Data Science Handbook,East,5,463,5,2199.25,1253.92,UPI,945.33,42.98
